SPS,Gaming
1.037,More than 3 Hours
1.0993,More than 3 Hours
1.437,More than 3 Hours
1.4859,More than 3 Hours
1.6178,More than 3 Hours
1.6281,More than 3 Hours
1.6281,More than 3 Hours
1.6296,More than 3 Hours
1.6593,More than 3 Hours
1.68,More than 3 Hours
1.7526,More than 3 Hours
1.7726,More than 3 Hours
1.8037,More than 3 Hours
1.8148,More than 3 Hours
1.8437,0-1 Hour
1.863,More than 3 Hours
1.8926,More than 3 Hours
1.9022,More than 3 Hours
1.9259,More than 3 Hours
1.9496,More than 3 Hours
1.96,More than 3 Hours
1.9911,0-1 Hour
2.0074,More than 3 Hours
2.0763,More than 3 Hours
2.1333,More than 3 Hours
2.1852,More than 3 Hours
2.1963,More than 3 Hours
2.217,More than 3 Hours
2.2207,More than 3 Hours
2.2504,More than 3 Hours
2.2726,More than 3 Hours
2.3259,More than 3 Hours
2.3333,More than 3 Hours
2.3333,More than 3 Hours
2.3333,More than 3 Hours
2.3667,More than 3 Hours
2.3756,More than 3 Hours
2.3852,More than 3 Hours
2.3956,More than 3 Hours
2.3956,More than 3 Hours
2.4163,More than 3 Hours
2.4163,More than 3 Hours
2.437,More than 3 Hours
2.437,More than 3 Hours
2.4519,More than 3 Hours
2.4667,More than 3 Hours
2.4681,More than 3 Hours
2.4681,More than 3 Hours
2.5037,More than 3 Hours
2.5296,More than 3 Hours
2.5304,More than 3 Hours
2.5304,More than 3 Hours
2.5926,0-1 Hour
2.6022,More than 3 Hours
2.6548,More than 3 Hours
2.6548,More than 3 Hours
2.6548,2-3 Hours
2.6778,More than 3 Hours
2.7007,More than 3 Hours
2.7037,More than 3 Hours
2.7348,More than 3 Hours
2.7378,More than 3 Hours
2.7778,More than 3 Hours
2.7896,More than 3 Hours
2.7896,More than 3 Hours
2.7896,More than 3 Hours
2.7896,More than 3 Hours
2.8259,More than 3 Hours
2.8296,More than 3 Hours
2.8311,2-3 Hours
2.837,More than 3 Hours
2.8444,More than 3 Hours
2.8481,More than 3 Hours
2.8481,More than 3 Hours
2.8519,More than 3 Hours
2.8519,More than 3 Hours
2.8519,More than 3 Hours
2.8519,More than 3 Hours
2.8519,More than 3 Hours
2.8593,More than 3 Hours
2.8593,More than 3 Hours
2.8593,More than 3 Hours
2.8667,More than 3 Hours
2.8704,More than 3 Hours
2.8741,More than 3 Hours
2.8741,More than 3 Hours
2.8778,More than 3 Hours
2.8778,0-1 Hour
2.8778,More than 3 Hours
2.8815,More than 3 Hours
2.8852,More than 3 Hours
2.8852,More than 3 Hours
2.8852,More than 3 Hours
2.8963,More than 3 Hours
2.8963,More than 3 Hours
2.9,More than 3 Hours
2.9,More than 3 Hours
2.9,More than 3 Hours
2.9037,2-3 Hours
2.9052,More than 3 Hours
2.9074,More than 3 Hours
2.9111,More than 3 Hours
2.9141,More than 3 Hours
2.9141,More than 3 Hours
2.9185,More than 3 Hours
2.9296,More than 3 Hours
2.9822,More than 3 Hours
2.9822,More than 3 Hours
2.9867,More than 3 Hours
2.9867,More than 3 Hours
2.9867,More than 3 Hours
3.0044,More than 3 Hours
3.0081,More than 3 Hours
3.0081,More than 3 Hours
3.0281,More than 3 Hours
3.0489,More than 3 Hours
3.0489,More than 3 Hours
3.1111,0-1 Hour
3.1111,More than 3 Hours
3.1111,More than 3 Hours
3.1296,More than 3 Hours
3.1311,More than 3 Hours
3.1815,More than 3 Hours
3.1822,2-3 Hours
3.2178,2-3 Hours
3.2356,2-3 Hours
3.2356,2-3 Hours
3.3393,2-3 Hours
3.3807,2-3 Hours
3.3807,2-3 Hours
3.3807,2-3 Hours
3.403,2-3 Hours
3.403,2-3 Hours
3.403,2-3 Hours
3.403,More than 3 Hours
3.4104,0-1 Hour
3.4326,More than 3 Hours
3.44,More than 3 Hours
3.44,More than 3 Hours
3.443,2-3 Hours
3.4437,2-3 Hours
3.4444,2-3 Hours
3.4444,More than 3 Hours
3.4519,More than 3 Hours
3.4593,More than 3 Hours
3.4741,More than 3 Hours
3.4741,More than 3 Hours
3.4815,More than 3 Hours
3.4993,More than 3 Hours
3.5037,More than 3 Hours
3.5052,More than 3 Hours
3.5052,More than 3 Hours
3.5052,More than 3 Hours
3.5052,More than 3 Hours
3.5111,More than 3 Hours
3.5185,More than 3 Hours
3.5185,2-3 Hours
3.5259,More than 3 Hours
3.5333,More than 3 Hours
3.5467,More than 3 Hours
3.5556,More than 3 Hours
3.563,More than 3 Hours
3.6044,2-3 Hours
3.6074,2-3 Hours
3.6074,2-3 Hours
3.6296,2-3 Hours
3.6296,2-3 Hours
3.6296,2-3 Hours
3.6296,2-3 Hours
3.6296,2-3 Hours
3.6296,2-3 Hours
3.6296,2-3 Hours
3.6296,2-3 Hours
3.6296,2-3 Hours
3.6296,2-3 Hours
3.6711,2-3 Hours
3.6948,2-3 Hours
3.7059,2-3 Hours
3.7081,2-3 Hours
3.7333,2-3 Hours
3.7333,More than 3 Hours
3.7541,2-3 Hours
3.7748,2-3 Hours
3.7748,More than 3 Hours
3.7778,2-3 Hours
3.7896,2-3 Hours
3.7926,2-3 Hours
3.797,2-3 Hours
3.8193,2-3 Hours
3.8267,2-3 Hours
3.8326,More than 3 Hours
3.837,2-3 Hours
3.8474,2-3 Hours
3.8474,2-3 Hours
3.8533,2-3 Hours
3.8622,2-3 Hours
3.8622,0-1 Hour
3.8993,More than 3 Hours
3.8993,More than 3 Hours
3.8993,More than 3 Hours
3.8993,2-3 Hours
3.8993,2-3 Hours
4.0237,More than 3 Hours
4.0237,More than 3 Hours
4.1067,More than 3 Hours
4.1348,More than 3 Hours
4.1422,2-3 Hours
4.1481,2-3 Hours
4.1481,More than 3 Hours
4.1481,2-3 Hours
4.1481,2-3 Hours
4.1556,0-1 Hour
4.1704,2-3 Hours
4.1704,2-3 Hours
4.1926,2-3 Hours
4.2459,2-3 Hours
4.2726,2-3 Hours
4.2726,0-1 Hour
4.2726,More than 3 Hours
4.2726,More than 3 Hours
4.28,More than 3 Hours
4.2963,More than 3 Hours
4.3333,More than 3 Hours
4.3333,More than 3 Hours
4.3407,More than 3 Hours
4.3556,More than 3 Hours
4.3704,More than 3 Hours
4.3748,More than 3 Hours
4.3748,2-3 Hours
4.3748,More than 3 Hours
4.3748,2-3 Hours
4.3748,More than 3 Hours
4.3778,More than 3 Hours
4.3822,2-3 Hours
4.3852,More than 3 Hours
4.3852,2-3 Hours
4.3896,2-3 Hours
4.3926,More than 3 Hours
4.397,2-3 Hours
4.4119,2-3 Hours
4.4133,2-3 Hours
4.4178,2-3 Hours
4.4385,2-3 Hours
4.5126,2-3 Hours
4.5185,2-3 Hours
4.5422,More than 3 Hours
4.5422,More than 3 Hours
4.563,More than 3 Hours
4.563,More than 3 Hours
4.5837,2-3 Hours
4.5867,2-3 Hours
4.5941,More than 3 Hours
4.5941,More than 3 Hours
4.5985,More than 3 Hours
4.5985,More than 3 Hours
4.6015,More than 3 Hours
4.6059,2-3 Hours
4.6163,2-3 Hours
4.6163,More than 3 Hours
4.6667,More than 3 Hours
4.6667,More than 3 Hours
4.6667,More than 3 Hours
4.7274,More than 3 Hours
4.7333,More than 3 Hours
4.7674,More than 3 Hours
4.7852,More than 3 Hours
4.7852,2-3 Hours
4.7911,2-3 Hours
4.7911,2-3 Hours
4.7911,2-3 Hours
4.803,0-1 Hour
4.8104,More than 3 Hours
4.8444,More than 3 Hours
4.8444,2-3 Hours
4.8519,0-1 Hour
4.8519,More than 3 Hours
4.8519,More than 3 Hours
4.8519,More than 3 Hours
4.8519,0-1 Hour
4.8533,0-1 Hour
4.8667,0-1 Hour
4.9363,0-1 Hour
4.9363,0-1 Hour
4.9363,0-1 Hour
4.9363,2-3 Hours
4.957,0-1 Hour
5.0607,0-1 Hour
5.0607,0-1 Hour
5.0607,0-1 Hour
5.0607,0-1 Hour
5.0607,0-1 Hour
5.0607,0-1 Hour
5.0904,0-1 Hour
5.1185,2-3 Hours
5.1319,More than 3 Hours
5.1585,More than 3 Hours
5.1852,More than 3 Hours
5.1852,More than 3 Hours
5.1852,2-3 Hours
5.1852,More than 3 Hours
5.1852,More than 3 Hours
5.1852,More than 3 Hours
5.1852,2-3 Hours
